instance,n_cities,swept_parameter,alpha,beta,rho,q,n_ants,n_iterations,repeat,seed,best_length,runtime_seconds
burma14,14,beta,1.0,0.5,0.3,100.0,15,50,0,42,3398.2879105383045,0.3339838981628418
burma14,14,beta,1.0,0.5,0.3,100.0,15,50,1,43,3697.6209344896106,0.32605528831481934
burma14,14,beta,1.0,0.5,0.3,100.0,15,50,2,44,3661.025777808943,0.3243544101715088
burma14,14,beta,1.0,1.0,0.3,100.0,15,50,0,42,3388.41158749923,0.3175842761993408
burma14,14,beta,1.0,1.0,0.3,100.0,15,50,1,43,3388.411587499229,0.30870652198791504
burma14,14,beta,1.0,1.0,0.3,100.0,15,50,2,44,3412.4099758220627,0.30901575088500977
burma14,14,beta,1.0,2.0,0.3,100.0,15,50,0,42,3388.4115874992294,0.3116483688354492
burma14,14,beta,1.0,2.0,0.3,100.0,15,50,1,43,3379.0083439166506,0.30797433853149414
burma14,14,beta,1.0,2.0,0.3,100.0,15,50,2,44,3367.155634052753,0.321547269821167
burma14,14,beta,1.0,3.0,0.3,100.0,15,50,0,42,3367.155634052753,0.34897565841674805
burma14,14,beta,1.0,3.0,0.3,100.0,15,50,1,43,3388.4115874992294,0.3489234447479248
burma14,14,beta,1.0,3.0,0.3,100.0,15,50,2,44,3367.155634052753,0.34861040115356445
burma14,14,beta,1.0,5.0,0.3,100.0,15,50,0,42,3379.0083439166506,0.3496129512786865
burma14,14,beta,1.0,5.0,0.3,100.0,15,50,1,43,3367.1556340527527,0.32845091819763184
burma14,14,beta,1.0,5.0,0.3,100.0,15,50,2,44,3379.0083439166506,0.3190023899078369
burma14,14,rho,1.0,3.0,0.05,100.0,15,50,0,42,3388.4115874992294,0.32053089141845703
burma14,14,rho,1.0,3.0,0.05,100.0,15,50,1,43,3379.008343916651,0.32172298431396484
burma14,14,rho,1.0,3.0,0.05,100.0,15,50,2,44,3379.0083439166506,0.3231539726257324
burma14,14,rho,1.0,3.0,0.1,100.0,15,50,0,42,3367.155634052753,0.32107067108154297
burma14,14,rho,1.0,3.0,0.1,100.0,15,50,1,43,3379.0083439166506,0.32207345962524414
burma14,14,rho,1.0,3.0,0.1,100.0,15,50,2,44,3379.0083439166506,0.3323221206665039
burma14,14,rho,1.0,3.0,0.2,100.0,15,50,0,42,3367.155634052753,0.3482942581176758
burma14,14,rho,1.0,3.0,0.2,100.0,15,50,1,43,3379.008343916651,0.3331477642059326
burma14,14,rho,1.0,3.0,0.2,100.0,15,50,2,44,3367.155634052753,0.3192408084869385
burma14,14,rho,1.0,3.0,0.3,100.0,15,50,0,42,3367.155634052753,0.3237924575805664
burma14,14,rho,1.0,3.0,0.3,100.0,15,50,1,43,3388.4115874992294,0.32454919815063477
burma14,14,rho,1.0,3.0,0.3,100.0,15,50,2,44,3367.155634052753,0.30008387565612793
burma14,14,rho,1.0,3.0,0.5,100.0,15,50,0,42,3379.0083439166506,0.26294922828674316
burma14,14,rho,1.0,3.0,0.5,100.0,15,50,1,43,3353.033568768994,0.23689579963684082
burma14,14,rho,1.0,3.0,0.5,100.0,15,50,2,44,3344.72942060111,0.22933197021484375
burma14,14,rho,1.0,3.0,0.7,100.0,15,50,0,42,3388.4115874992303,0.21642613410949707
burma14,14,rho,1.0,3.0,0.7,100.0,15,50,1,43,3388.411587499229,0.21428132057189941
burma14,14,rho,1.0,3.0,0.7,100.0,15,50,2,44,3367.155634052753,0.21483540534973145
gr17,17,beta,1.0,0.5,0.3,100.0,15,50,0,42,2151.0,0.2533450126647949
gr17,17,beta,1.0,0.5,0.3,100.0,15,50,1,43,2174.0,0.2508883476257324
gr17,17,beta,1.0,0.5,0.3,100.0,15,50,2,44,2344.0,0.24991059303283691
gr17,17,beta,1.0,1.0,0.3,100.0,15,50,0,42,2104.0,0.2492656707763672
gr17,17,beta,1.0,1.0,0.3,100.0,15,50,1,43,2149.0,0.24990034103393555
gr17,17,beta,1.0,1.0,0.3,100.0,15,50,2,44,2149.0,0.2512526512145996
gr17,17,beta,1.0,2.0,0.3,100.0,15,50,0,42,2088.0,0.2514190673828125
gr17,17,beta,1.0,2.0,0.3,100.0,15,50,1,43,2149.0,0.25165653228759766
gr17,17,beta,1.0,2.0,0.3,100.0,15,50,2,44,2149.0,0.2500741481781006
gr17,17,beta,1.0,3.0,0.3,100.0,15,50,0,42,2128.0,0.26034021377563477
gr17,17,beta,1.0,3.0,0.3,100.0,15,50,1,43,2149.0,0.2582883834838867
gr17,17,beta,1.0,3.0,0.3,100.0,15,50,2,44,2115.0,0.2608661651611328
gr17,17,beta,1.0,5.0,0.3,100.0,15,50,0,42,2094.0,0.26239705085754395
gr17,17,beta,1.0,5.0,0.3,100.0,15,50,1,43,2149.0,0.2626957893371582
gr17,17,beta,1.0,5.0,0.3,100.0,15,50,2,44,2149.0,0.2622568607330322
gr17,17,rho,1.0,3.0,0.05,100.0,15,50,0,42,2115.0,0.2610514163970947
gr17,17,rho,1.0,3.0,0.05,100.0,15,50,1,43,2149.0,0.261979341506958
gr17,17,rho,1.0,3.0,0.05,100.0,15,50,2,44,2096.0,0.2643468379974365
gr17,17,rho,1.0,3.0,0.1,100.0,15,50,0,42,2149.0,0.2592620849609375
gr17,17,rho,1.0,3.0,0.1,100.0,15,50,1,43,2096.0,0.26061534881591797
gr17,17,rho,1.0,3.0,0.1,100.0,15,50,2,44,2149.0,0.2618422508239746
gr17,17,rho,1.0,3.0,0.2,100.0,15,50,0,42,2149.0,0.2718541622161865
gr17,17,rho,1.0,3.0,0.2,100.0,15,50,1,43,2149.0,0.2788662910461426
gr17,17,rho,1.0,3.0,0.2,100.0,15,50,2,44,2115.0,0.27951741218566895
gr17,17,rho,1.0,3.0,0.3,100.0,15,50,0,42,2128.0,0.2593235969543457
gr17,17,rho,1.0,3.0,0.3,100.0,15,50,1,43,2149.0,0.25850534439086914
gr17,17,rho,1.0,3.0,0.3,100.0,15,50,2,44,2115.0,0.27761316299438477
gr17,17,rho,1.0,3.0,0.5,100.0,15,50,0,42,2088.0,0.2578160762786865
gr17,17,rho,1.0,3.0,0.5,100.0,15,50,1,43,2149.0,0.25776052474975586
gr17,17,rho,1.0,3.0,0.5,100.0,15,50,2,44,2149.0,0.2781217098236084
gr17,17,rho,1.0,3.0,0.7,100.0,15,50,0,42,2149.0,0.25944972038269043
gr17,17,rho,1.0,3.0,0.7,100.0,15,50,1,43,2149.0,0.27083444595336914
gr17,17,rho,1.0,3.0,0.7,100.0,15,50,2,44,2149.0,0.28015851974487305
berlin52,52,beta,1.0,0.5,0.3,100.0,15,50,0,42,10967.69131253903,0.8318004608154297
berlin52,52,beta,1.0,0.5,0.3,100.0,15,50,1,43,11210.712305750858,0.7792055606842041
berlin52,52,beta,1.0,0.5,0.3,100.0,15,50,2,44,11570.292204762176,0.7899117469787598
berlin52,52,beta,1.0,1.0,0.3,100.0,15,50,0,42,8829.785404567752,0.7802503108978271
berlin52,52,beta,1.0,1.0,0.3,100.0,15,50,1,43,9256.757660468727,0.7854390144348145
berlin52,52,beta,1.0,1.0,0.3,100.0,15,50,2,44,9424.044235686235,0.8165442943572998
berlin52,52,beta,1.0,2.0,0.3,100.0,15,50,0,42,8296.13687594431,0.8538172245025635
berlin52,52,beta,1.0,2.0,0.3,100.0,15,50,1,43,8115.878911884204,0.8579695224761963
berlin52,52,beta,1.0,2.0,0.3,100.0,15,50,2,44,8472.834713992095,0.8660235404968262
berlin52,52,beta,1.0,3.0,0.3,100.0,15,50,0,42,7756.192306406959,0.8979823589324951
berlin52,52,beta,1.0,3.0,0.3,100.0,15,50,1,43,7768.378761124128,0.8620338439941406
berlin52,52,beta,1.0,3.0,0.3,100.0,15,50,2,44,7870.741092374541,0.8335669040679932
berlin52,52,beta,1.0,5.0,0.3,100.0,15,50,0,42,7929.3675726379615,0.8320538997650146
berlin52,52,beta,1.0,5.0,0.3,100.0,15,50,1,43,8039.594230590631,0.8328192234039307
berlin52,52,beta,1.0,5.0,0.3,100.0,15,50,2,44,7915.29185682266,0.8315839767456055
berlin52,52,rho,1.0,3.0,0.05,100.0,15,50,0,42,8571.592952678711,0.837548017501831
berlin52,52,rho,1.0,3.0,0.05,100.0,15,50,1,43,8278.563880469279,0.8377833366394043
berlin52,52,rho,1.0,3.0,0.05,100.0,15,50,2,44,8830.924494893045,0.8911519050598145
berlin52,52,rho,1.0,3.0,0.1,100.0,15,50,0,42,8033.290855036853,0.8934831619262695
berlin52,52,rho,1.0,3.0,0.1,100.0,15,50,1,43,7847.447910051056,0.8909859657287598
berlin52,52,rho,1.0,3.0,0.1,100.0,15,50,2,44,8107.324622244854,0.8709204196929932
berlin52,52,rho,1.0,3.0,0.2,100.0,15,50,0,42,7700.476862280183,0.8237075805664062
berlin52,52,rho,1.0,3.0,0.2,100.0,15,50,1,43,8203.190647161622,0.8278942108154297
berlin52,52,rho,1.0,3.0,0.2,100.0,15,50,2,44,7893.260800996013,0.8308448791503906
berlin52,52,rho,1.0,3.0,0.3,100.0,15,50,0,42,7756.192306406959,0.8290669918060303
berlin52,52,rho,1.0,3.0,0.3,100.0,15,50,1,43,7768.378761124128,0.8530862331390381
berlin52,52,rho,1.0,3.0,0.3,100.0,15,50,2,44,7870.741092374541,0.8889319896697998
berlin52,52,rho,1.0,3.0,0.5,100.0,15,50,0,42,7888.999696309091,0.889756441116333
berlin52,52,rho,1.0,3.0,0.5,100.0,15,50,1,43,7844.800322355218,0.8931014537811279
berlin52,52,rho,1.0,3.0,0.5,100.0,15,50,2,44,7790.100427914692,0.8277034759521484
berlin52,52,rho,1.0,3.0,0.7,100.0,15,50,0,42,7677.957153658709,0.8311865329742432
berlin52,52,rho,1.0,3.0,0.7,100.0,15,50,1,43,7856.16408225999,0.8301832675933838
berlin52,52,rho,1.0,3.0,0.7,100.0,15,50,2,44,7994.388035539645,0.8283758163452148
